{"cameraMode":{"drawMode":0,"name":"Shaded","section":"Shading Mode"},"sceneLighting":false,"audioPlay":false,"sceneViewState":{"showFog":true,"showMaterialUpdate":false,"showSkybox":false,"showFlares":true,"showImageEffects":true,"showParticleSystems":true},"in2DMode":false,"pivot":{"x":-2.9204773902893068,"y":8.175000190734864,"z":3.22499942779541},"rotation":{"x":-0.11146407574415207,"y":0.17409737408161164,"z":-0.019533619284629823,"w":-0.9782795906066895},"size":7.394688606262207,"orthographic":false}