{"cameraMode":{"drawMode":0,"name":"Shaded","section":"Shading Mode"},"sceneLighting":false,"audioPlay":false,"sceneViewState":{"showFog":true,"showMaterialUpdate":false,"showSkybox":false,"showFlares":true,"showImageEffects":true,"showParticleSystems":true},"in2DMode":false,"pivot":{"x":-0.11840522289276123,"y":-0.9230972528457642,"z":-3.8207406997680666},"rotation":{"x":0.004271927289664745,"y":0.9915872812271118,"z":-0.12499915808439255,"w":0.03420740365982056},"size":9.478531837463379,"orthographic":false}