{"cameraMode":{"drawMode":0,"name":"Shaded","section":"Shading Mode"},"sceneLighting":true,"audioPlay":false,"sceneViewState":{"showFog":true,"showMaterialUpdate":false,"showSkybox":true,"showFlares":true,"showImageEffects":true,"showParticleSystems":true},"in2DMode":false,"pivot":{"x":1.0237596035003663,"y":8.895423889160157,"z":14.283317565917969},"rotation":{"x":0.21211592853069306,"y":-0.04673309624195099,"z":0.009226386435329914,"w":0.9762722253799439},"size":4.041658401489258,"orthographic":false}