{"cameraMode":{"drawMode":0,"name":"Shaded","section":"Shading Mode"},"sceneLighting":false,"audioPlay":false,"sceneViewState":{"showFog":true,"showMaterialUpdate":false,"showSkybox":false,"showFlares":true,"showImageEffects":true,"showParticleSystems":true},"in2DMode":false,"pivot":{"x":-0.4342041015625,"y":0.43670654296875,"z":-0.29833984375},"rotation":{"x":0.0076081412844359879,"y":0.9794456362724304,"z":-0.19803398847579957,"w":0.03762726113200188},"size":3.133117914199829,"orthographic":true}