{"cameraMode":{"drawMode":0,"name":"Shaded","section":"Shading Mode"},"sceneLighting":false,"audioPlay":false,"sceneViewState":{"showFog":true,"showMaterialUpdate":false,"showSkybox":false,"showFlares":true,"showImageEffects":true,"showParticleSystems":true},"in2DMode":false,"pivot":{"x":1.4185791015625,"y":-0.4390869140625,"z":-0.28662109375},"rotation":{"x":-0.007441498339176178,"y":-0.9626032710075378,"z":0.26951974630355837,"w":-0.026576027274131776},"size":3.859783887863159,"orthographic":true}