{"cameraMode":{"drawMode":0,"name":"Shaded","section":"Shading Mode"},"sceneLighting":false,"audioPlay":false,"sceneViewState":{"showFog":true,"showMaterialUpdate":false,"showSkybox":false,"showFlares":true,"showImageEffects":true,"showParticleSystems":true},"in2DMode":false,"pivot":{"x":55.70000076293945,"y":8.16100025177002,"z":1.0399998426437379},"rotation":{"x":-0.045353636145591739,"y":-0.786379873752594,"z":0.05814725533127785,"w":-0.6133341789245606},"size":4.036492824554443,"orthographic":false}