{"cameraMode":{"drawMode":0,"name":"Shaded","section":"Shading Mode"},"sceneLighting":true,"audioPlay":false,"sceneViewState":{"showFog":true,"showMaterialUpdate":false,"showSkybox":true,"showFlares":true,"showImageEffects":true,"showParticleSystems":true},"in2DMode":false,"pivot":{"x":28.441530227661134,"y":7.841566562652588,"z":63.039371490478519},"rotation":{"x":-0.09308917820453644,"y":-0.23812651634216309,"z":0.023150388151407243,"w":-0.9667097926139832},"size":31.28621482849121,"orthographic":false}