{"cameraMode":{"drawMode":0,"name":"Shaded","section":"Shading Mode"},"sceneLighting":true,"audioPlay":false,"sceneViewState":{"showFog":true,"showMaterialUpdate":false,"showSkybox":true,"showFlares":true,"showImageEffects":true,"showParticleSystems":true},"in2DMode":false,"pivot":{"x":-36.73512649536133,"y":-9.435007095336914,"z":44.17694091796875},"rotation":{"x":-0.20597659051418305,"y":0.4377603828907013,"z":-0.1034834235906601,"w":-0.8692888021469116},"size":31.28621482849121,"orthographic":false}