{"cameraMode":{"drawMode":0,"name":"Shaded","section":"Shading Mode"},"sceneLighting":true,"audioPlay":false,"sceneViewState":{"showFog":true,"showMaterialUpdate":false,"showSkybox":true,"showFlares":true,"showImageEffects":true,"showParticleSystems":true},"in2DMode":false,"pivot":{"x":31.559125900268556,"y":-15.364829063415528,"z":10.353896141052246},"rotation":{"x":-0.2657037377357483,"y":-0.6872977614402771,"z":0.3022153675556183,"w":-0.605079710483551},"size":31.28621482849121,"orthographic":false}