{"cameraMode":{"drawMode":0,"name":"Shaded","section":"Shading Mode"},"sceneLighting":false,"audioPlay":false,"sceneViewState":{"showFog":true,"showMaterialUpdate":false,"showSkybox":false,"showFlares":true,"showImageEffects":true,"showParticleSystems":true},"in2DMode":false,"pivot":{"x":2.3875389099121095,"y":11.085474967956543,"z":-1.0389289855957032},"rotation":{"x":-0.09987755864858628,"y":-0.19363217055797578,"z":0.01982112228870392,"w":-0.9757771492004395},"size":66.11956787109375,"orthographic":false}